UniProt ID,label,properties
G0P1I0,uniprot_protein,"{'sequence': 'QKRTLFKVEFGSMSWFYKHRTNMHLRTMMYD', 'description': 'Lorem ipsum ilymp', 'taxon': '7813'}"
B6V6V7,uniprot_isoform,"{'sequence': 'CGLGLSMRFLMVGVQNWFWYGTRVPDVAYIDWHEYQHQPRVLMQNGN', 'description': 'Lorem ipsum kxujk', 'taxon': '4800'}"
385603,entrez_protein,"{'sequence': 'EHYTERRSMRSTGQDKTSNPYLFFHITRFKRCPANQVKPWFMVLHKYEW', 'description': 'Lorem ipsum ufuuy', 'taxon': '9606'}"
L3V2Y6,uniprot_protein,"{'sequence': 'EGYPSHLLDVESFMSHNWTPWIFKCDARLC', 'description': 'Lorem ipsum yueos', 'taxon': '3342', 'mass': 73}"
Q1R3N5,uniprot_isoform,"{'sequence': 'IVHIKHTTQLGAIIQRNFQVGWCHVG', 'description': 'Lorem ipsum xyked', 'taxon': '5672', 'mass': 7347}"
249853,entrez_protein,"{'sequence': 'RYWCKKEDCLAIKLEWVNHTHCLVQKDGMCMNKKSHNCWAHDR', 'description': 'Lorem ipsum lskfp', 'taxon': '9606'}"
X0C9T5,uniprot_protein,"{'sequence': 'VPWFKQEYWACIYPEKWDETCTQTCHWSYQWKIVHHRHIKK', 'description': 'Lorem ipsum jrhyp', 'taxon': '5638', 'mass': 58}"
Y8Y3K0,uniprot_isoform,"{'sequence': 'LKPNAIFRKINTLIMMWTAFRGQGKEKR', 'description': 'Lorem ipsum zstxn', 'taxon': '8662'}"
535278,entrez_protein,"{'sequence': 'LEGPWGTSCMNSCNISKNYMEYSFKCQYMHRHVLGYNIYGSM', 'description': 'Lorem ipsum mykyw', 'taxon': '9606'}"
D8O4Y7,uniprot_protein,"{'sequence': 'IQMLFDTFTNNMRNWWCEHW', 'description': 'Lorem ipsum cmowt', 'taxon': '9376'}"
I0S4T8,uniprot_isoform,"{'sequence': 'AADKYTPQSSFSQKALLPRDCLKNHC', 'description': 'Lorem ipsum kesgr', 'taxon': '9259'}"
447972,entrez_protein,"{'sequence': 'NNCNGNLMHNYVKNWINYLLLNKFLRMDHEHCMV', 'description': 'Lorem ipsum kksku', 'taxon': '9606'}"
H0U9R4,uniprot_protein,"{'sequence': 'IIDDWVAVYNCKAYVVWDFATLWEDCIHWRHPK', 'description': 'Lorem ipsum iexyy', 'taxon': '1500', 'mass': 4209}"
H1M7P2,uniprot_isoform,"{'sequence': 'KNQMFLNAYVASYWVSFMNAHKEVWSAKTWQ', 'description': 'Lorem ipsum limyh', 'taxon': '9754', 'mass': 2246}"
373262,entrez_protein,"{'sequence': 'YKVVYTTYPHFGDMSMPSCIHLVHMAKQSTTNFM', 'description': 'Lorem ipsum dluez', 'taxon': '9606'}"
E8I0O8,uniprot_protein,"{'sequence': 'HHFWCQTQHHHHSTKMMKLPFEWDAMEAACYAS', 'description': 'Lorem ipsum tvnyj', 'taxon': '7445'}"
H9R6K5,uniprot_isoform,"{'sequence': 'CEDNSRWWHWPVKIAHININCSKACCENTSLATLTARSTLC', 'description': 'Lorem ipsum fdrbm', 'taxon': '7576', 'mass': 9671}"
189306,entrez_protein,"{'sequence': 'TIGFHYNGAYCCREMAMPSVNGHWMCCQSGVCL', 'description': 'Lorem ipsum ipuou', 'taxon': '9606'}"
D4X6C4,uniprot_protein,"{'sequence': 'YNEIVKSFGEQNILAKYTAQGRWFYNCRFNWMWDRDCMTQIGKCCCDYFA', 'description': 'Lorem ipsum pkyyg', 'taxon': '1836', 'mass': 2757}"
D5V7Y7,uniprot_isoform,"{'sequence': 'KNPGSYCRGIHKDAAPPTNCMDAELRFVKCSWDDEKNTIRLTSYLKMI', 'description': 'Lorem ipsum zzdxf', 'taxon': '2751', 'mass': 5192}"
999852,entrez_protein,"{'sequence': 'IECHFPPMEDYNDNMMYLKGEFRCEYPFPDTWSLPDGGLQRFVFTH', 'description': 'Lorem ipsum xuewv', 'taxon': '9606'}"
P8X2R8,uniprot_protein,"{'sequence': 'HAFWAFNHYSVKDPGQTCCCVHMAEAHRWPTSHHKYATLWERTCHYWNM', 'description': 'Lorem ipsum phpss', 'taxon': '3255'}"
I5X3I2,uniprot_isoform,"{'sequence': 'WSAAEAGGAELALDFWLVASRKKYGMLQVT', 'description': 'Lorem ipsum ddbvb', 'taxon': '4186'}"
792512,entrez_protein,"{'sequence': 'LTKMGAAFYMGCFNMSKKNMGQPSFPNNHKPDTYHCCYWKLWKDHAIQ', 'description': 'Lorem ipsum mqyzz', 'taxon': '9606'}"
I9A3P8,uniprot_protein,"{'sequence': 'YMSEGKWSIWIINMMLMHAQNLHVALIIVVY', 'description': 'Lorem ipsum dbhcg', 'taxon': '1230', 'mass': 6364}"
C8W4F0,uniprot_isoform,"{'sequence': 'WLTGIDRADPNRDWINKKNDPYKCFAPFGRAI', 'description': 'Lorem ipsum jqhzq', 'taxon': '8924', 'mass': 8470}"
559407,entrez_protein,"{'sequence': 'LYHNKDSHWTPPKWCWHQMVYWMIFLDWGTPKRWWMNNRDAEGSIGQYM', 'description': 'Lorem ipsum orlkj', 'taxon': '9606'}"
U9P9L6,uniprot_protein,"{'sequence': 'LSNLKDTLHGRYLPGPKYLPYCCCKDLDPQPTLPASV', 'description': 'Lorem ipsum vivmu', 'taxon': '8573'}"
T9Z8Y0,uniprot_isoform,"{'sequence': 'HNGDDWLINCDYCKNLRTDTHSQAPCSSESECQQFMAKPPVKHMICNSAV', 'description': 'Lorem ipsum lkttd', 'taxon': '674', 'mass': 2003}"
449383,entrez_protein,"{'sequence': 'ETCHDEFEHYDKPCQECSQKDMWGGRELPQKHAV', 'description': 'Lorem ipsum jzsau', 'taxon': '9606'}"
